leiden,Reference,Braak III,Braak VI
0,0.00047998464049150427,0.1591629067869828,0.8403571085725257
1,0.00015413070283600493,0.689118372379778,0.31072749691738594
2,0.0,0.0014379293816903658,0.9985620706183096
3,0.9959401167216443,0.0030449124587668104,0.0010149708195889369
4,0.0,0.9996739484838605,0.00032605151613955004
5,0.0,0.0037650602409638554,0.9962349397590361
6,0.0,0.9983434566537824,0.0016565433462175593
7,0.0,0.35902255639097747,0.6409774436090225
