leiden,Reference,Braak III,Braak VI
0,0.0004801229114653351,0.15901670827731898,0.8405031688112157
1,0.00015403573629081948,0.6891558841651263,0.31069008009858284
2,0.0,0.0011194626579241963,0.9988805373420758
3,0.9954349480091301,0.003550595992898808,0.001014455997971088
4,0.0,0.999673735725938,0.0003262642740619902
5,0.0,0.004507888805409466,0.9954921111945906
6,0.0,0.9983425414364641,0.0016574585635359116
7,0.0,0.35902255639097747,0.6409774436090225
