leiden,Reference,Braak 0,Braak II,Braak III,Braak VI
0,0.00018778461105112436,0.0006572461386789353,0.09586404394159899,0.07882259048870945,0.8244683348199615
1,0.00010734220695577502,0.0007513954486904251,0.3002361528553027,0.4802490339201374,0.2186560755689137
2,0.0005423973964924968,0.9860784668233592,0.0016271921894774905,0.0009039956608208281,0.010847947929849937
3,0.0,0.1106030916612236,0.22316568691487046,0.6657957761811453,0.00043544524276072284
4,0.0,0.0,0.9982758620689656,0.001477832512315271,0.0002463054187192118
5,0.9936676798378926,0.0007598784194528875,0.0007598784194528875,0.0035460992907801418,0.0012664640324214793
6,0.0,0.0005530973451327434,0.0022123893805309734,0.9933628318584071,0.0038716814159292035
7,0.0,0.9992372234935164,0.0,0.0007627765064836003,0.0
8,0.0,0.0,0.0,0.3602251407129456,0.6397748592870544
