leiden,Reference,Braak III,Braak VI
0,0.0003273858241938124,0.1635292191848093,0.8361433949909969
1,0.99836867862969,0.0014500634402755121,0.00018125793003443902
2,0.0004916420845624386,0.3633235004916421,0.6361848574237955
3,0.0,0.000564334085778781,0.9994356659142212
4,0.0,0.998304126625212,0.0016958733747880158
