leiden,Reference,Braak III,Braak VI
0,0.00032754667540124465,0.16295447101211924,0.8367179823124795
1,0.99836867862969,0.0014500634402755121,0.00018125793003443902
2,0.0004906771344455348,0.36408243375858684,0.6354268891069677
3,0.0,0.9983089064261556,0.0016910935738444193
4,0.0,0.0005652911249293386,0.9994347088750707
